206.196.151.20,Mon Mar 13 00:55:13 2006,userinfo,005fcb0.netsolhost.com,3,3,3,3,3,3,3,3,3,3,3,3,3,3,3,3,3,3,3,3,3,3,3,3,3
206.196.151.20,Mon Mar 13 01:01:01 2006,userinfo,005fcb0.netsolhost.com,3,3,3,3,3,3,3,3,3,3,3,3,3,3,3,3,3,3,3,3,3,3,3,3,3
206.196.151.20,Mon Mar 13 01:02:42 2006,userinfo,005fcb0.netsolhost.com,3,3,3,3,3,3,3,3,3,3,3,3,3,3,3,3,3,3,3,3,3,3,3,3,3
206.196.151.20,Mon Mar 13 01:03:23 2006,userinfo,005fcb0.netsolhost.com,3,3,3,3,3,3,3,3,3,3,3,3,3,3,3,3,3,3,3,3,3,3,3,3,3
206.196.151.20,Sun Mar 19 12:37:42 2006,userinfo,www.thehappinesscenter.com,1,1,2,2,2,2,2,2,2,2,2,2,2,2,2,2,2,2,2,2,2,2,2,2,2
71.33.149.208,Tue Mar 21 18:53:02 2006,userinfo,www.thehappinesscenter.com,2,5,3,1,4,2,5,4,1,5,5,3,4,4,5,5,4,5,5,5,2,4,5,4,2
24.26.131.4,Wed Mar 22 00:23:53 2006,userinfo,www.thehappinesscenter.com,2,3,2,2,2,2,3,2,2,2,1,3,2,2,2,3,3,4,2,5,2,5,4,3,1
70.58.18.202,Wed Mar 22 12:45:59 2006,userinfo,www.thehappinesscenter.com,5,5,3,4,4,4,3,5,5,4,4,4,5,5,5,5,4,4,4,5,4,4,5,4,5
68.221.45.192,Thu Mar 23 15:51:34 2006,userinfo,www.thehappinesscenter.com,5,5,5,4,5,5,5,5,5,5,5,5,5,5,5,5,5,5,5,5,5,5,5,5,5
207.200.116.65,Fri Mar 31 11:07:52 2006,userinfo,005fcb0.netsolhost.com,4,4,1,3,2,1,3,3,3,3,2,2,2,3,2,4,3,4,4,4,3,3,3,2,3
70.59.35.214,Sat Apr  1 10:46:36 2006,userinfo,005fcb0.netsolhost.com,4,4,2,4,4,2,2,4,3,3,2,3,4,4,3,4,4,5,4,4,3,4,3,3,5
152.163.100.70,Sun Apr  2 22:32:25 2006,userinfo,www.ldscoaching.com,4,5,3,3,3,3,3,2,3,5,3,3,3,4,3,3,3,4,3,3,3,3,4,4,4
67.166.37.12,Mon Apr  3 20:14:19 2006,userinfo,www.thehappinesscenter.com,5,5,4,5,4,4,4,5,5,4,4,4,4,4,4,5,5,5,5,5,4,5,5,4,5
67.164.164.232,Thu Apr  6 14:03:46 2006,userinfo,005fcb0.netsolhost.com,5,4,5,4,3,3,4,4,3,5,4,4,4,4,4,4,4,3,4,5,4,4,4,5,5
152.163.100.70,Sun Apr  9 18:09:34 2006,userinfo,www.ldscoaching.com,4,5,3,5,4,3,5,4,5,5,5,4,4,5,3,3,3,4,3,4,3,3,4,3,4
152.163.100.70,Sun Apr  9 18:13:00 2006,userinfo,www.ldscoaching.com,4,5,2,2,3,2,2,5,5,5,4,3,3,3,3,5,4,5,2,3,2,5,5,5,3
64.12.116.70,Sun Apr  9 18:49:12 2006,userinfo,www.ldscoaching.com,4,3,2,4,3,4,2,4,4,4,3,4,3,3,3,3,3,2,4,5,4,3,3,2,3
70.52.18.230,Mon Apr 10 16:37:15 2006,userinfo,www.thehappinesscenter.com,3,2,2,2,2,4,2,2,2,4,2,1,3,3,3,4,3,3,3,4,3,3,4,3,4
70.52.18.230,Tue Apr 11 00:56:20 2006,userinfo,www.thehappinesscenter.com,4,4,4,4,5,4,4,4,4,5,4,4,4,5,4,4,4,4,4,4,3,4,4,4,4
70.52.18.230,Tue Apr 11 00:57:15 2006,userinfo,www.thehappinesscenter.com,4,4,4,4,5,4,4,4,4,5,4,4,4,5,4,4,4,4,4,4,5,5,5,5,4
70.52.18.230,Tue Apr 11 00:57:55 2006,userinfo,www.thehappinesscenter.com,5,4,4,4,5,4,4,4,4,5,4,4,4,5,4,4,4,4,4,4,5,5,5,5,4
66.17.184.104,Tue Apr 11 11:57:00 2006,userinfo,www.thehappinesscenter.com,3,4,3,3,4,3,3,4,4,3,3,3,4,4,4,3,4,4,4,3,3,5,4,4,5
64.8.175.8,Tue Apr 11 15:20:40 2006,userinfo,www.ldscoaching.com,2,4,3,3,4,1,3,2,5,3,2,3,2,1,5,5,4,1,4,4,3,3,1,1,3
64.119.104.15,Tue Apr 11 16:32:57 2006,userinfo,www.thehappinesscenter.com,2,2,4,4,2,2,3,5,4,5,4,3,3,4,3,3,4,3,4,3,3,4,5,3,2
209.97.233.83,Wed Apr 12 09:55:43 2006,userinfo,005fcb0.netsolhost.com,5,5,2,4,4,2,2,4,3,3,2,2,3,4,3,5,5,4,4,4,4,4,3,4,5
209.97.233.83,Wed Apr 12 10:06:59 2006,userinfo,005fcb0.netsolhost.com,5,5,3,2,4,4,3,3,3,4,2,3,4,5,3,3,3,4,3,4,3,4,4,4,5
209.97.233.83,Wed Apr 12 10:07:15 2006,userinfo,005fcb0.netsolhost.com,5,5,3,2,4,4,3,3,3,4,2,3,4,5,3,3,3,4,3,4,3,4,4,4,5
204.61.32.30,Fri Apr 14 12:27:54 2006,userinfo,www.thehappinesscenter.com,3,4,3,2,3,4,2,2,2,4,2,3,4,2,3,4,3,3,1,4,2,5,2,5,2
64.187.92.132,Mon Apr 17 13:15:46 2006,userinfo,005fcb0.netsolhost.com,1,1,1,1,3,2,1,1,1,2,1,1,1,1,1,1,2,1,1,1,1,1,1,2,1
203.87.26.96,Thu Apr 20 20:56:43 2006,userinfo,www.ldscoaching.com,3,4,1,4,4,1,3,2,1,3,3,2,3,3,2,3,3,3,2,4,3,3,2,1,4
65.101.218.36,Thu Apr 27 15:58:45 2006,userinfo,005fcb0.netsolhost.com,3,4,4,4,4,5,4,5,3,4,5,4,5,4,4,4,5,4,4,5,4,4,5,5,4
65.101.218.36,Sat Apr 29 12:13:46 2006,userinfo,005fcb0.netsolhost.com,5,4,4,3,3,3,3,4,4,5,4,4,4,3,4,4,3,4,4,4,3,4,4,3,4
207.200.116.200,Mon May  1 00:06:47 2006,userinfo,www.ldscoaching.com,4,3,3,4,4,3,4,5,2,4,3,3,3,4,4,3,4,3,3,5,3,5,5,4,5
66.189.74.116,Thu May  4 12:55:01 2006,userinfo,www.ldscoaching.com,3,2,2,2,2,1,1,5,5,1,2,1,1,1,1,1,3,3,1,5,3,5,2,1,1
200.78.231.34,Tue May  9 13:37:15 2006,userinfo,005fcb0.netsolhost.com,5,5,3,5,5,4,4,5,5,5,4,4,4,5,4,5,4,4,5,4,5,5,4,4,5
71.33.156.6,Tue May 16 13:51:12 2006,userinfo,www.thehappinesscenter.com,1,5,2,4,4,2,3,5,5,5,2,3,3,4,4,5,4,4,4,5,4,4,4,5,5
71.229.174.238,Fri May 19 11:40:47 2006,userinfo,www.thehappinesscenter.com,4,5,4,3,4,2,3,4,2,4,4,1,2,4,3,4,3,5,4,4,3,5,5,4,5
71.229.174.238,Fri May 19 11:50:06 2006,userinfo,www.thehappinesscenter.com,1,1,1,2,1,2,1,3,2,3,4,2,4,2,1,2,1,3,3,4,4,4,4,3,1
207.189.193.128,Sun May 28 22:19:29 2006,userinfo,005fcb0.netsolhost.com,5,4,3,4,4,3,3,5,5,4,5,3,5,4,5,5,5,5,3,4,4,5,4,4,5
24.8.62.202,Tue May 30 17:55:39 2006,userinfo,005fcb0.netsolhost.com,3,2,3,2,3,2,1,3,2,2,3,3,2,1,1,2,1,3,3,4,3,5,3,3,3
24.8.62.202,Tue May 30 17:56:47 2006,userinfo,005fcb0.netsolhost.com,3,2,3,2,3,2,1,3,2,3,3,3,3,1,1,2,1,3,3,4,3,5,3,3,3
65.101.218.36,Thu Jun  1 11:21:01 2006,userinfo,www.thehappinesscenter.com,3,4,3,3,3,4,3,4,3,3,4,4,4,3,3,3,2,5,4,4,4,4,4,4,4
65.101.218.36,Thu Jun  1 11:21:27 2006,userinfo,www.thehappinesscenter.com,3,4,3,3,3,4,3,4,3,3,4,4,4,3,3,3,2,5,4,4,4,4,4,4,4
63.227.54.141,Sun Jun  4 22:38:07 2006,userinfo,005fcb0.netsolhost.com,5,5,2,4,3,2,4,5,4,5,5,3,4,4,4,4,5,4,4,4,4,5,5,5,5
71.229.137.158,Thu Jun 15 00:47:09 2006,userinfo,005fcb0.netsolhost.com,1,3,2,2,3,1,2,2,1,3,4,1,2,1,1,2,2,4,1,3,2,4,2,2,3
71.229.137.158,Thu Jun 15 00:52:02 2006,userinfo,www.ldscoaching.com,1,3,2,2,3,1,1,2,1,3,4,2,2,1,1,2,3,4,2,4,2,4,2,3,3
12.149.100.21,Fri Jun 16 21:39:41 2006,userinfo,www.ldscoaching.com,5,5,4,4,5,2,3,4,4,5,3,3,4,4,3,3,3,2,3,3,4,5,5,4,5
65.199.61.131,Wed Jun 21 22:23:38 2006,userinfo,005fcb0.netsolhost.com,5,4,3,3,4,4,3,4,4,4,3,2,4,4,4,4,4,5,4,4,3,5,5,4,4
71.229.137.158,Sat Jun 24 20:23:29 2006,userinfo,005fcb0.netsolhost.com,2,3,3,2,3,1,1,2,1,3,3,1,2,1,1,1,2,3,2,4,2,4,3,3,3
69.85.136.215,Sun Jul  2 19:40:03 2006,userinfo,www.ldscoaching.com,3,4,4,3,3,3,3,3,3,5,4,3,4,3,4,5,4,4,3,4,4,4,4,4,3
69.92.131.54,Mon Jul  3 10:30:42 2006,userinfo,005fcb0.netsolhost.com,4,5,3,3,4,3,3,4,2,5,4,3,4,4,3,4,4,4,4,5,4,5,4,3,5
207.200.116.72,Sun Jul  9 13:05:48 2006,userinfo,www.thehappinesscenter.com,4,4,3,3,3,3,4,3,2,3,3,4,4,4,3,4,5,4,4,4,3,3,4,3,3
87.203.186.40,Mon Jul 10 05:11:36 2006,userinfo,www.thehappinesscenter.com,2,3,4,4,3,5,4,4,4,4,4,1,2,3,2,2,1,4,2,3,3,4,4,2,3
72.24.164.56,Sun Jul 16 23:10:46 2006,userinfo,www.ldscoaching.com,5,5,5,4,3,5,5,5,3,5,5,5,5,4,4,5,5,5,4,5,4,4,5,5,5
70.56.202.68,Mon Jul 17 18:59:17 2006,userinfo,005fcb0.netsolhost.com,3,4,4,3,4,3,3,3,4,4,4,4,3,3,3,4,3,4,3,4,3,5,4,4,5
70.56.202.68,Mon Jul 17 19:02:32 2006,userinfo,005fcb0.netsolhost.com,3,4,4,3,4,3,3,3,4,4,4,4,3,3,3,4,3,4,3,4,3,5,4,4,5
70.56.202.68,Mon Jul 17 19:19:51 2006,userinfo,www.ldscoaching.com,3,3,3,3,3,3,3,3,3,3,3,4,4,4,3,3,3,4,3,4,4,5,4,4,5
70.56.202.68,Tue Jul 18 21:46:23 2006,userinfo,005fcb0.netsolhost.com,3,3,4,3,3,3,3,3,4,4,3,4,3,3,3,3,3,3,3,4,3,5,4,3,5
70.56.202.68,Tue Jul 18 21:46:43 2006,userinfo,005fcb0.netsolhost.com,3,3,4,3,3,3,3,3,4,4,3,4,3,4,3,3,3,3,3,4,3,5,4,3,5
70.56.202.68,Tue Jul 18 21:47:00 2006,userinfo,005fcb0.netsolhost.com,3,3,4,3,4,3,3,3,4,4,3,4,3,4,3,3,3,3,3,4,3,5,4,3,5
70.56.202.68,Tue Jul 18 21:54:07 2006,userinfo,005fcb0.netsolhost.com,5,4,4,4,4,4,5,4,4,5,5,5,4,4,4,4,5,3,3,3,4,4,4,4,5
70.56.202.68,Tue Jul 18 21:55:27 2006,userinfo,005fcb0.netsolhost.com,5,4,4,4,4,4,5,4,4,5,5,5,4,4,4,4,5,3,4,4,4,4,4,4,5
204.61.32.30,Mon Jul 24 17:33:27 2006,userinfo,www.thehappinesscenter.com,2,3,2,2,2,1,4,2,2,3,1,3,3,3,3,4,3,2,1,4,3,2,3,5,3
216.160.233.166,Tue Jul 25 00:25:22 2006,userinfo,005fcb0.netsolhost.com,4,3,2,4,4,2,3,3,4,3,2,3,4,4,3,3,3,3,4,4,4,4,4,4,5
151.118.3.72,Tue Jul 25 02:01:14 2006,userinfo,www.ldscoaching.com,5,4,3,1,3,2,4,3,1,5,3,2,3,5,4,4,4,3,4,5,3,4,5,3,4
67.2.154.50,Wed Jul 26 20:01:54 2006,userinfo,www.ldscoaching.com,3,3,2,2,3,3,3,3,3,3,2,3,4,3,2,3,3,3,3,4,4,5,5,4,4
208.45.119.249,Thu Jul 27 21:17:15 2006,userinfo,005fcb0.netsolhost.com,4,4,3,3,4,3,3,3,3,3,4,4,3,3,3,3,3,3,3,4,3,5,4,3,5
70.59.210.121,Sun Jul 30 19:39:05 2006,userinfo,005fcb0.netsolhost.com,2,5,2,3,4,2,3,4,3,4,2,3,4,5,3,1,2,5,4,5,4,5,5,5,5
70.59.210.121,Sun Jul 30 19:46:03 2006,userinfo,005fcb0.netsolhost.com,5,4,4,4,5,5,4,4,3,3,5,4,5,4,3,3,4,5,2,3,4,5,5,4,5
67.40.52.176,Mon Jul 31 18:15:45 2006,userinfo,005fcb0.netsolhost.com,4,4,3,3,3,3,2,4,4,4,3,3,2,3,3,4,3,4,3,3,3,4,3,3,4
67.40.52.176,Mon Jul 31 18:24:36 2006,userinfo,005fcb0.netsolhost.com,4,4,4,4,3,4,4,4,4,4,4,4,4,4,4,4,4,4,4,4,3,4,4,4,4
67.186.214.48,Tue Aug  1 23:47:45 2006,userinfo,www.thehappinesscenter.com,5,5,5,5,5,5,5,5,5,5,5,5,5,5,5,5,5,5,4,4,5,5,5,5,5
199.91.33.254,Wed Aug  2 17:23:37 2006,userinfo,www.ldscoaching.com,5,5,3,4,4,4,4,4,4,4,4,4,4,5,5,5,4,3,4,4,5,4,5,5,5
66.17.184.104,Fri Aug  4 14:39:04 2006,userinfo,005fcb0.netsolhost.com,3,5,3,3,4,3,3,4,4,3,3,3,4,4,3,3,4,4,4,4,2,5,4,3,5
128.187.0.164,Sat Aug  5 13:01:28 2006,userinfo,005fcb0.netsolhost.com,4,4,3,3,4,4,2,4,4,3,4,4,3,3,3,5,4,3,3,4,3,4,4,5,5
66.17.184.104,Sat Aug  5 14:54:31 2006,userinfo,005fcb0.netsolhost.com,4,5,2,4,2,2,2,4,5,3,4,3,5,4,3,5,5,4,3,4,4,5,5,4,5
216.160.133.193,Sat Aug  5 23:41:47 2006,userinfo,005fcb0.netsolhost.com,3,4,3,3,3,3,3,3,3,4,4,4,4,2,4,3,3,4,3,4,4,4,4,4,3
71.208.134.121,Mon Aug  7 20:35:05 2006,userinfo,005fcb0.netsolhost.com,3,5,4,3,4,4,3,4,4,4,4,3,3,4,4,4,4,4,5,5,3,4,4,5,3
69.92.131.54,Fri Aug 11 01:39:17 2006,userinfo,005fcb0.netsolhost.com,4,4,3,2,4,2,3,2,1,4,3,3,4,3,3,4,4,3,3,5,4,5,4,2,4
24.2.77.190,Tue Aug 15 18:51:59 2006,userinfo,005fcb0.netsolhost.com,3,3,2,2,2,2,2,2,2,2,2,4,2,4,2,1,2,4,4,3,2,5,4,5,5
24.2.77.190,Tue Aug 15 18:52:44 2006,userinfo,005fcb0.netsolhost.com,3,3,2,2,2,2,2,2,2,2,2,4,2,4,2,1,2,4,4,3,2,4,4,5,5
202.54.26.234,Wed Aug 16 14:33:07 2006,userinfo,www.thehappinesscenter.com,2,5,4,3,1,4,2,1,1,4,2,3,4,3,1,3,1,4,5,3,3,5,5,1,4
68.116.237.239,Sat Aug 19 20:53:55 2006,userinfo,005fcb0.netsolhost.com,4,5,4,4,4,4,3,4,5,4,4,4,4,5,3,4,5,5,4,4,4,5,4,3,5
71.199.61.211,Mon Aug 21 21:09:46 2006,userinfo,005fcb0.netsolhost.com,5,5,2,3,3,2,3,3,3,3,3,3,4,5,3,5,4,4,4,5,5,4,4,3,4
128.187.0.164,Thu Aug 24 00:54:56 2006,userinfo,005fcb0.netsolhost.com,4,5,3,3,4,2,4,4,3,3,4,3,4,4,3,4,3,3,4,4,3,4,4,5,5
166.70.233.242,Thu Aug 24 23:00:19 2006,userinfo,005fcb0.netsolhost.com,5,4,3,2,4,3,4,4,2,4,2,4,4,4,4,3,4,3,4,4,4,4,4,5,5
87.74.111.224,Fri Aug 25 06:22:26 2006,userinfo,www.thehappinesscenter.com,3,4,3,3,3,3,4,4,4,4,3,4,3,3,3,3,4,4,3,3,4,4,4,3,5
71.36.69.71,Sat Aug 26 17:08:04 2006,userinfo,www.ldscoaching.com,1,3,3,3,3,2,3,3,2,4,1,2,4,4,2,1,2,3,4,3,3,4,4,4,4
67.161.242.171,Sun Aug 27 01:18:44 2006,userinfo,005fcb0.netsolhost.com,3,5,3,4,4,4,4,5,4,4,4,3,4,4,4,3,4,5,4,4,4,5,4,4,5
65.171.163.35,Sun Aug 27 22:36:10 2006,userinfo,005fcb0.netsolhost.com,5,5,2,3,4,2,3,4,3,2,2,3,2,5,3,5,3,4,3,3,1,4,3,3,5
65.171.163.35,Sun Aug 27 22:58:51 2006,userinfo,005fcb0.netsolhost.com,4,5,3,3,3,3,4,4,3,3,4,3,3,4,3,4,4,4,4,4,3,4,4,4,5
72.14.115.202,Sun Aug 27 23:14:14 2006,userinfo,005fcb0.netsolhost.com,4,4,3,3,3,3,4,4,4,4,3,3,4,4,4,3,4,4,4,3,4,4,4,3,4
63.105.23.200,Tue Aug 29 02:53:27 2006,userinfo,005fcb0.netsolhost.com,4,5,3,4,4,4,3,4,4,5,4,5,3,4,4,5,4,3,3,3,3,4,4,3,5
72.194.118.200,Wed Aug 30 14:50:27 2006,userinfo,005fcb0.netsolhost.com,4,4,3,3,4,2,2,4,3,3,4,3,4,3,3,3,3,3,2,4,3,4,4,3,4
24.9.175.175,Fri Sep  1 08:07:29 2006,userinfo,www.ldscoaching.com,4,3,4,2,2,2,1,2,2,3,2,3,3,2,2,4,3,4,3,4,2,4,3,5,2
67.40.53.71,Fri Sep  1 12:46:24 2006,userinfo,005fcb0.netsolhost.com,4,5,2,4,4,3,3,4,4,4,5,3,4,4,3,4,3,4,3,3,4,5,3,3,4
71.33.145.71,Wed Sep  6 20:03:56 2006,userinfo,www.thehappinesscenter.com,5,5,5,5,5,4,4,5,4,5,4,4,4,5,5,5,5,4,4,5,4,5,5,5,5
216.126.208.3,Thu Sep  7 00:36:38 2006,userinfo,www.ldscoaching.com,4,5,4,4,4,3,3,5,5,3,4,4,4,4,4,5,5,5,4,4,4,4,5,5,5
68.99.245.131,Thu Sep  7 07:40:11 2006,userinfo,www.ldscoaching.com,5,5,4,4,4,4,5,4,4,4,4,5,4,5,5,5,5,4,5,5,5,4,5,5,5
216.126.208.4,Mon Sep 11 00:13:59 2006,userinfo,www.ldscoaching.com,5,3,4,3,3,3,3,3,3,3,4,3,3,4,3,3,3,5,4,4,4,4,3,4,3
216.126.208.4,Mon Sep 11 00:16:52 2006,userinfo,www.ldscoaching.com,3,3,4,3,3,3,3,3,3,3,4,3,3,4,3,3,3,5,4,4,4,4,3,4,3
216.126.208.3,Mon Sep 11 00:24:40 2006,userinfo,www.ldscoaching.com,5,4,3,4,4,3,4,5,5,4,4,4,4,5,4,5,4,5,4,5,4,4,5,5,5
65.102.192.56,Sat Sep 16 16:46:56 2006,userinfo,005fcb0.netsolhost.com,3,3,3,3,4,3,2,5,3,3,3,2,5,5,5,5,5,4,4,4,4,4,5,5,5
71.229.205.102,Sun Sep 17 18:49:37 2006,userinfo,www.ldscoaching.com,2,3,1,3,3,2,3,2,3,2,2,3,3,3,2,3,3,3,3,4,3,4,4,4,3
65.102.192.56,Mon Sep 18 11:57:26 2006,userinfo,005fcb0.netsolhost.com,3,5,2,3,4,2,1,5,4,4,1,2,3,3,3,4,3,5,4,5,3,5,5,3,4
207.119.161.167,Wed Sep 20 18:45:13 2006,userinfo,005fcb0.netsolhost.com,3,4,4,3,2,3,2,4,3,4,2,4,3,3,4,3,4,4,2,2,3,4,4,4,2
207.119.161.167,Wed Sep 20 18:47:21 2006,userinfo,005fcb0.netsolhost.com,3,4,4,3,2,3,2,4,3,4,2,4,3,3,4,3,4,4,2,2,3,4,4,4,2
4.240.30.39,Fri Sep 22 15:49:43 2006,userinfo,005fcb0.netsolhost.com,4,3,4,3,4,4,3,3,2,3,3,4,4,4,3,3,3,4,3,4,3,5,4,3,3
24.10.150.215,Fri Sep 22 22:18:05 2006,userinfo,www.ldscoaching.com,4,4,3,3,2,3,2,2,2,3,2,3,4,3,3,4,3,3,2,3,3,5,4,5,3
24.10.150.215,Fri Sep 22 22:19:18 2006,userinfo,www.ldscoaching.com,4,4,3,3,2,3,2,2,2,3,2,3,4,3,3,4,3,3,2,3,3,5,4,5,3
68.249.143.152,Mon Sep 25 10:36:17 2006,userinfo,005fcb0.netsolhost.com,4,3,3,3,4,3,2,4,2,5,3,3,4,3,3,5,4,3,4,4,3,4,3,4,5
69.92.60.93,Mon Sep 25 19:15:15 2006,userinfo,005fcb0.netsolhost.com,5,3,4,4,5,4,4,3,4,4,4,4,4,3,5,4,4,4,4,4,4,4,4,4,4
24.2.68.79,Wed Sep 27 11:26:01 2006,userinfo,005fcb0.netsolhost.com,5,5,5,3,4,5,4,5,5,5,5,4,5,5,5,5,4,4,4,5,4,4,5,4,5
71.212.197.125,Thu Sep 28 19:23:55 2006,userinfo,www.thehappinesscenter.com,4,5,5,4,5,4,4,5,5,5,4,4,4,5,5,5,5,5,4,5,4,5,5,5,5
71.212.197.125,Thu Sep 28 19:38:41 2006,userinfo,www.thehappinesscenter.com,4,5,5,4,5,4,4,5,5,5,4,4,5,5,5,5,5,4,4,5,5,5,5,5,5
67.40.51.215,Fri Sep 29 11:01:20 2006,userinfo,www.thehappinesscenter.com,3,2,4,3,3,2,4,4,3,2,3,3,5,5,5,3,5,4,5,4,4,4,3,2,3
67.40.51.215,Fri Sep 29 13:29:36 2006,userinfo,www.thehappinesscenter.com,4,4,3,2,5,4,2,5,1,3,4,4,4,5,5,5,3,4,2,5,3,5,4,4,5
72.54.98.154,Wed Oct  4 16:57:45 2006,userinfo,005fcb0.netsolhost.com,4,5,3,3,3,2,3,3,4,3,3,2,3,2,3,3,4,5,3,3,4,4,3,2,3
24.72.204.184,Sun Oct  8 23:47:55 2006,userinfo,www.thehappinesscenter.com,5,4,4,4,4,3,4,5,5,5,4,3,4,4,4,4,4,4,4,4,4,4,4,3,4
161.74.11.24,Wed Oct 11 08:10:46 2006,userinfo,www.thehappinesscenter.com,2,4,4,3,4,3,3,4,4,4,3,3,4,4,4,3,4,3,3,5,4,4,3,1,3
161.74.11.24,Wed Oct 11 08:15:25 2006,userinfo,www.thehappinesscenter.com,2,4,4,3,4,3,3,4,4,4,3,3,4,4,4,3,4,3,3,5,4,4,3,1,3
161.74.11.24,Wed Oct 11 08:15:45 2006,userinfo,www.thehappinesscenter.com,1,4,4,3,4,3,3,4,4,4,3,3,4,4,4,3,4,3,3,5,4,4,3,1,3
69.209.127.214,Tue Oct 24 04:57:45 2006,userinfo,www.thehappinesscenter.com,4,4,3,4,4,4,4,4,5,4,3,4,4,5,3,4,4,3,3,3,4,4,4,3,4
166.70.59.15,Fri Nov  3 12:43:07 2006,userinfo,005fcb0.netsolhost.com,5,4,4,5,5,4,5,5,5,5,3,5,4,3,4,5,5,4,4,4,4,5,4,3,5
65.101.229.41,Fri Nov  3 12:43:17 2006,userinfo,005fcb0.netsolhost.com,4,5,2,4,3,4,4,5,4,5,5,4,4,5,4,4,4,5,5,5,2,5,4,4,4
166.70.59.15,Fri Nov  3 12:49:12 2006,userinfo,005fcb0.netsolhost.com,5,4,4,5,5,4,5,5,5,5,3,5,4,4,4,5,5,4,4,4,4,5,4,3,5
65.101.229.41,Fri Nov  3 17:17:46 2006,userinfo,005fcb0.netsolhost.com,5,5,4,4,3,4,5,4,3,5,4,5,4,4,4,4,4,5,4,3,4,5,4,4,4
81.105.115.135,Tue Nov  7 12:23:50 2006,userinfo,www.thehappinesscenter.com,4,5,2,3,3,3,3,4,3,3,3,3,3,3,3,4,3,4,3,4,4,4,4,3,3
71.212.132.149,Tue Nov  7 21:42:44 2006,userinfo,005fcb0.netsolhost.com,5,5,5,1,3,5,2,1,1,2,2,4,4,4,5,5,5,5,5,5,3,4,5,5,4
65.101.229.41,Wed Nov  8 16:53:41 2006,userinfo,005fcb0.netsolhost.com,4,5,3,4,4,4,3,3,3,3,2,2,4,4,4,4,4,3,3,4,3,4,4,3,3
65.101.229.41,Wed Nov  8 17:22:21 2006,userinfo,005fcb0.netsolhost.com,2,1,3,1,3,1,1,2,2,2,2,2,4,4,3,2,4,5,5,5,4,5,5,5,4
65.101.229.41,Wed Nov  8 18:58:12 2006,userinfo,005fcb0.netsolhost.com,5,5,4,5,5,5,4,4,5,5,4,4,4,5,5,5,5,5,4,4,4,4,5,4,4
67.173.254.42,Sun Nov 12 12:46:59 2006,userinfo,www.thehappinesscenter.com,5,5,5,5,5,5,5,5,5,5,5,5,5,5,5,5,5,5,5,5,5,5,5,5,5
24.10.180.155,Sat Nov 18 21:43:06 2006,userinfo,www.ldscoaching.com,3,5,3,4,4,4,2,5,4,4,4,4,4,4,3,4,4,4,3,4,4,5,5,5,5
71.208.133.248,Thu Nov 23 21:37:29 2006,userinfo,005fcb0.netsolhost.com,3,5,4,3,4,4,3,5,4,4,4,3,4,3,4,4,4,5,4,4,3,4,5,4,3
208.186.200.7,Sun Dec  3 18:22:32 2006,userinfo,005fcb0.netsolhost.com,3,5,3,3,2,4,3,4,4,5,3,4,4,4,4,4,3,5,4,4,3,3,5,4,5
208.186.200.7,Sun Dec  3 18:28:00 2006,userinfo,005fcb0.netsolhost.com,3,5,3,2,3,4,4,3,3,4,4,4,3,4,4,3,3,5,4,4,3,4,5,4,4
67.166.96.150,Tue Dec  5 15:59:36 2006,userinfo,005fcb0.netsolhost.com,3,4,3,5,2,2,3,3,1,5,3,3,3,4,3,4,5,5,4,4,3,2,3,3,3
216.80.112.61,Wed Dec  6 09:53:11 2006,userinfo,www.thehappinesscenter.com,4,5,5,4,3,3,4,5,5,5,5,5,5,5,5,5,4,5,4,4,5,4,4,5,4
67.166.17.223,Sun Dec 10 00:17:55 2006,userinfo,www.thehappinesscenter.com,5,4,3,3,3,3,4,4,3,3,2,3,3,4,3,3,4,4,5,5,4,5,5,5,5
67.166.17.223,Sun Dec 10 00:17:55 2006,userinfo,www.thehappinesscenter.com,5,4,3,3,3,3,4,4,3,3,2,3,3,4,3,3,4,4,5,5,4,5,5,5,5
59.100.149.36,Mon Dec 11 03:27:19 2006,userinfo,www.ldscoaching.com,4,4,2,4,2,3,3,4,4,5,4,4,4,3,3,5,3,3,3,4,4,4,4,4,2
83.174.130.140,Mon Dec 11 12:51:52 2006,userinfo,www.thehappinesscenter.com,4,4,3,2,3,3,4,4,4,5,4,1,2,3,5,5,5,5,3,2,1,3,3,5,3
207.81.93.178,Sun Dec 17 12:19:04 2006,userinfo,www.thehappinesscenter.com,4,3,4,4,4,3,4,3,3,4,3,3,3,4,3,3,4,5,4,4,4,5,4,4,5
71.211.155.30,Sat Dec 30 13:32:58 2006,userinfo,www.thehappinesscenter.com,4,4,4,4,4,4,5,5,5,5,5,4,4,4,4,5,4,3,3,4,4,5,4,4,5
65.89.233.201,Sun Dec 31 19:06:26 2006,userinfo,005fcb0.netsolhost.com,5,4,3,4,4,3,4,5,4,5,4,4,5,4,5,5,5,4,4,4,4,4,5,5,5
125.253.33.5,Sun Jan  7 21:54:22 2007,userinfo,www.thehappinesscenter.com,3,3,5,3,3,3,3,4,4,5,3,4,3,2,3,3,2,3,3,5,2,5,4,4,2
71.208.64.121,Fri Jan 12 23:11:54 2007,userinfo,www.thehappinesscenter.com,4,4,2,4,4,2,4,4,5,4,4,2,3,4,4,4,3,4,3,2,4,4,4,4,5
207.200.116.5,Sun Jan 21 16:42:54 2007,userinfo,www.ldscoaching.com,4,4,4,2,4,2,3,4,1,3,3,1,3,4,3,2,3,3,3,4,4,4,4,3,3
131.15.48.59,Mon Jan 22 17:48:29 2007,userinfo,www.thehappinesscenter.com,5,5,4,5,5,5,5,5,2,5,5,5,4,5,5,4,5,4,3,4,5,5,5,3,2
216.31.45.229,Mon Jan 29 13:37:14 2007,userinfo,005fcb0.netsolhost.com,2,5,4,2,4,4,2,5,2,4,4,4,4,4,3,2,3,5,4,4,4,5,5,5,5
72.67.158.8,Mon Jan 29 20:13:08 2007,userinfo,www.ldscoaching.com,4,5,4,4,4,4,4,5,4,5,5,5,4,4,5,5,5,5,5,4,4,4,4,3,5
63.227.3.154,Tue Jan 30 00:57:50 2007,userinfo,www.ldscoaching.com,5,5,3,3,4,4,3,3,2,3,4,4,4,3,4,4,4,3,4,4,4,4,4,4,4
32.97.110.142,Wed Jan 31 11:55:49 2007,userinfo,www.thehappinesscenter.com,2,2,3,3,3,2,3,3,3,2,3,2,3,2,1,1,2,2,5,5,2,4,2,2,3
168.103.219.226,Fri Feb  2 11:03:06 2007,userinfo,005fcb0.netsolhost.com,2,5,4,2,4,4,2,5,2,4,4,4,4,4,3,2,3,5,4,4,4,5,5,5,5
198.62.207.20,Fri Feb  2 15:55:25 2007,userinfo,005fcb0.netsolhost.com,4,4,3,1,2,2,2,4,4,4,2,4,4,3,2,4,4,5,4,5,3,5,5,4,3
195.93.21.136,Thu Feb  8 11:52:28 2007,userinfo,www.thehappinesscenter.com,3,4,3,4,3,4,4,4,3,3,4,4,4,4,3,4,5,5,5,4,4,4,5,4,4
24.8.206.56,Thu Feb 15 21:12:56 2007,userinfo,www.thehappinesscenter.com,4,3,3,4,4,4,5,4,2,3,4,4,4,4,3,2,4,4,4,4,4,4,5,4,5
168.103.219.226,Fri Feb 16 14:48:31 2007,userinfo,005fcb0.netsolhost.com,3,4,3,4,5,2,4,5,3,5,4,3,4,5,5,5,4,4,4,5,4,4,4,4,5
70.112.226.180,Sun Feb 18 22:51:19 2007,userinfo,www.thehappinesscenter.com,3,3,2,3,3,3,3,4,3,4,3,2,4,3,2,4,3,3,3,3,4,3,4,3,3
71.223.130.115,Thu Feb 22 13:56:15 2007,userinfo,www.thehappinesscenter.com,4,5,2,4,3,4,3,4,2,3,2,3,4,4,3,5,4,5,4,5,3,5,4,4,5
65.102.229.62,Sat Feb 24 21:59:22 2007,userinfo,www.ldscoaching.com,5,5,4,5,4,3,4,5,5,5,4,5,5,4,4,5,5,4,4,3,4,5,3,3,4
74.64.1.183,Mon Feb 26 11:14:01 2007,userinfo,005fcb0.netsolhost.com,3,3,2,2,2,2,1,3,2,3,2,2,2,3,2,2,3,3,4,5,2,3,5,5,3
168.103.89.136,Mon Feb 26 11:14:02 2007,userinfo,005fcb0.netsolhost.com,3,3,2,2,2,2,1,3,2,3,2,2,2,3,2,2,3,3,4,5,2,3,5,5,3
69.144.48.53,Mon Feb 26 16:09:52 2007,userinfo,005fcb0.netsolhost.com,5,5,3,4,3,3,5,4,4,4,4,3,4,4,4,5,4,5,4,5,4,4,4,4,3
69.144.48.53,Mon Feb 26 16:15:06 2007,userinfo,005fcb0.netsolhost.com,4,5,3,4,3,3,4,4,4,4,4,3,4,4,4,5,4,5,4,4,4,4,4,4,3
168.103.89.136,Mon Feb 26 18:22:14 2007,userinfo,005fcb0.netsolhost.com,4,5,4,2,2,3,2,4,3,4,4,3,2,4,3,4,4,5,4,4,3,4,5,4,4
209.169.17.218,Thu Mar  8 11:22:11 2007,userinfo,www.thehappinesscenter.com,4,5,2,4,4,3,4,4,3,5,4,4,4,5,4,5,4,5,5,5,5,5,5,5,4
209.169.17.218,Thu Mar  8 11:25:16 2007,userinfo,www.thehappinesscenter.com,4,5,4,5,3,3,5,5,5,4,3,4,4,4,4,5,5,4,4,3,4,4,4,3,3
209.169.17.218,Thu Mar  8 11:26:30 2007,userinfo,www.thehappinesscenter.com,4,5,3,4,5,5,2,5,4,4,3,4,4,5,4,4,5,3,3,4,4,4,3,2,1
161.98.2.178,Thu Mar  8 11:26:42 2007,userinfo,www.thehappinesscenter.com,4,5,3,4,4,4,4,5,4,5,4,4,3,4,4,4,3,5,4,4,4,4,4,3,3
72.19.174.153,Tue Mar 13 10:56:58 2007,userinfo,005fcb0.netsolhost.com,5,4,5,4,4,4,4,4,1,4,4,5,5,4,4,4,5,5,5,5,4,5,5,5,5
208.69.210.227,Wed Mar 14 17:23:05 2007,userinfo,005fcb0.netsolhost.com,3,3,2,1,3,2,3,4,1,3,2,4,4,4,3,1,4,5,4,4,4,5,3,4,4
66.17.184.104,Wed Apr 11 09:20:47 2007,userinfo,www.ldscoaching.com,2,2,2,2,2,2,2,2,2,2,2,2,2,2,2,2,2,2,2,2,2,2,2,2,2
202.133.73.195,Fri Apr 13 14:03:52 2007,userinfo,www.ldscoaching.com,3,3,3,3,3,3,3,3,3,3,3,3,3,3,3,3,3,3,3,3,3,3,3,3,3
202.133.73.195,Fri Apr 13 14:09:22 2007,userinfo,www.ldscoaching.com,2,2,2,2,2,2,2,2,2,2,2,2,2,2,2,2,2,2,2,2,2,2,2,2,2
202.133.73.195,Sat Apr 14 13:32:23 2007,userinfo,www.ldscoaching.com,2,2,2,2,2,2,2,2,2,2,2,2,2,2,2,2,2,2,2,2,2,2,2,2,2
202.133.73.195,Sat Apr 14 13:43:15 2007,userinfo,www.ldscoaching.com,3,3,3,3,3,3,3,3,3,3,3,3,3,3,3,3,3,3,3,3,3,3,3,3,3
202.133.73.195,Sat Apr 14 13:48:30 2007,userinfo,www.ldscoaching.com,4,4,4,4,4,4,4,4,4,4,4,4,4,4,4,4,4,4,4,4,4,4,4,4,4
202.133.73.195,Sat Apr 14 13:49:47 2007,userinfo,www.ldscoaching.com,5,5,5,5,5,5,5,5,5,5,5,5,5,5,5,5,5,5,5,5,5,5,5,5,5
204.61.32.30,Fri Apr 20 16:15:43 2007,userinfo,www.thehappinesscenter.com,3,4,1,2,4,2,2,2,2,4,3,2,3,3,3,2,3,3,1,4,4,4,2,5,2
70.112.226.180,Mon Apr 30 23:13:34 2007,userinfo,www.thehappinesscenter.com,5,4,4,4,4,4,4,4,4,4,4,4,4,4,4,5,4,4,4,4,5,5,5,5,5
199.34.4.20,Fri May  4 16:33:31 2007,userinfo,www.thehappinesscenter.com,3,5,3,4,4,2,3,4,4,4,3,3,4,4,3,4,5,5,3,4,3,5,5,4,5
66.17.184.104,Mon May 14 20:51:59 2007,userinfo,www.thehappinesscenter.com,3,3,3,3,3,3,3,3,3,3,3,2,2,3,3,2,3,3,3,3,2,2,2,3,4
4.227.244.153,Mon Jun  4 17:58:00 2007,userinfo,www.thehappinesscenter.com,4,4,3,2,4,1,2,4,3,3,3,2,3,3,3,2,4,5,4,4,3,3,4,4,5
63.228.205.197,Wed Jun 13 14:08:13 2007,userinfo,www.thehappinesscenter.com,3,5,3,3,4,1,3,3,3,3,2,2,3,4,3,3,4,3,1,4,2,4,4,5,5
24.2.94.129,Sat Jul  7 21:55:08 2007,userinfo,www.thehappinesscenter.com,3,4,4,3,3,3,3,3,5,4,4,4,3,3,3,3,4,4,2,4,3,4,4,3,4
71.68.32.86,Mon Jul  9 09:03:50 2007,userinfo,www.thehappinesscenter.com,2,3,3,3,3,3,3,3,3,3,2,3,4,3,2,3,3,4,4,4,2,4,5,5,3
204.110.225.254,Thu Jul 12 18:55:17 2007,userinfo,www.thehappinesscenter.com,4,5,5,4,4,5,5,3,2,4,3,5,4,5,4,4,4,4,5,5,5,5,5,5,5
71.37.110.88,Tue Jul 17 10:58:01 2007,userinfo,www.thehappinesscenter.com,3,4,3,4,4,3,3,4,5,3,5,4,3,3,3,3,4,4,5,4,3,4,4,5,5
72.208.76.210,Wed Jul 18 23:06:23 2007,userinfo,www.thehappinesscenter.com,5,5,2,5,4,5,3,4,5,3,2,3,5,5,5,5,5,5,2,4,5,5,4,2,5
88.106.5.214,Sat Jul 21 16:15:45 2007,userinfo,www.thehappinesscenter.com,2,3,3,3,3,2,2,4,4,4,3,3,3,4,3,2,3,3,2,4,3,4,5,4,1
87.102.1.64,Sat Jul 21 17:13:04 2007,userinfo,www.thehappinesscenter.com,1,2,3,2,2,3,2,2,3,2,2,2,3,2,2,2,2,3,3,3,3,4,3,2,3
67.42.75.56,Mon Jul 23 12:27:02 2007,userinfo,www.thehappinesscenter.com,5,5,4,4,4,4,4,5,5,4,4,4,4,4,4,5,5,4,4,4,4,4,4,3,5
67.186.225.220,Mon Jul 23 22:16:28 2007,userinfo,www.thehappinesscenter.com,5,4,3,4,4,4,5,4,3,4,3,4,4,4,4,4,4,3,4,4,4,4,4,3,4
76.21.3.215,Tue Jul 24 23:15:55 2007,userinfo,www.thehappinesscenter.com,2,5,2,3,4,2,3,3,2,2,1,3,2,4,4,3,4,5,3,4,3,4,4,2,5
76.21.3.215,Tue Jul 24 23:18:23 2007,userinfo,www.thehappinesscenter.com,2,5,2,3,4,2,3,3,2,2,1,3,2,4,4,3,4,5,3,4,3,4,4,2,5
65.161.188.11,Wed Jul 25 16:24:19 2007,userinfo,www.thehappinesscenter.com,3,5,3,3,4,2,3,4,2,4,3,3,3,4,3,3,3,4,3,4,3,5,5,3,4
168.137.100.21,Thu Jul 26 19:32:02 2007,userinfo,www.thehappinesscenter.com,2,5,4,3,5,3,3,3,3,3,3,3,4,4,3,5,4,4,5,4,4,5,5,4,5
69.20.173.3,Thu Jul 26 23:24:36 2007,userinfo,www.thehappinesscenter.com,5,5,5,4,4,4,5,3,4,5,5,5,5,5,5,5,4,5,4,5,4,5,5,5,5
216.128.230.193,Fri Jul 27 10:28:39 2007,userinfo,www.thehappinesscenter.com,3,4,2,3,2,2,2,3,3,3,2,2,2,2,3,1,3,2,1,2,2,4,3,3,3
71.208.103.112,Sat Jul 28 12:34:00 2007,userinfo,www.thehappinesscenter.com,5,4,2,3,4,3,2,4,3,4,4,3,4,4,3,3,4,4,3,3,4,4,4,4,5
71.36.16.55,Sun Jul 29 11:54:49 2007,userinfo,www.thehappinesscenter.com,3,3,2,3,3,3,4,3,4,4,3,4,3,3,3,3,4,3,4,5,4,5,4,5,4
71.209.76.5,Sun Jul 29 17:54:17 2007,userinfo,www.thehappinesscenter.com,5,5,2,3,4,1,2,4,4,2,4,2,4,4,4,5,4,4,4,5,3,4,4,4,5
204.113.19.9,Thu Aug  2 15:13:41 2007,userinfo,www.thehappinesscenter.com,3,2,1,3,3,1,2,3,2,2,3,2,2,4,3,3,2,3,3,3,3,4,3,3,4
207.155.176.50,Fri Aug  3 17:11:53 2007,userinfo,www.thehappinesscenter.com,3,4,2,2,3,2,2,2,1,3,3,3,3,4,3,3,4,3,4,3,3,4,4,4,5
71.213.69.151,Mon Aug  6 00:00:19 2007,userinfo,www.thehappinesscenter.com,5,3,3,4,4,2,2,4,4,2,4,3,4,4,3,4,4,2,2,5,4,4,5,5,5
202.133.69.108,Mon Aug  6 06:11:07 2007,userinfo,www.thehappinesscenter.com,3,4,2,1,3,3,4,4,5,3,2,3,1,1,4,3,2,1,4,2,2,3,3,2,4
67.41.118.174,Mon Aug  6 11:37:35 2007,userinfo,www.thehappinesscenter.com,3,3,3,2,2,3,3,4,2,5,3,3,3,3,3,4,3,4,4,4,3,5,4,2,3
24.116.255.44,Wed Aug  8 14:35:13 2007,userinfo,www.thehappinesscenter.com,4,5,3,4,4,4,3,5,4,3,4,4,4,5,4,4,5,4,4,4,4,5,5,4,5
24.105.167.66,Tue Aug 14 14:12:59 2007,userinfo,www.thehappinesscenter.com,3,3,3,3,2,2,2,3,3,2,3,2,2,3,3,2,2,3,2,5,3,4,4,4,2
194.98.129.27,Wed Aug 15 12:47:17 2007,userinfo,www.thehappinesscenter.com,5,5,5,5,1,5,5,5,5,5,5,5,5,5,5,5,5,5,1,5,5,5,3,3,1
67.50.42.238,Mon Aug 20 14:15:06 2007,userinfo,www.thehappinesscenter.com,4,5,3,4,4,2,4,5,3,5,4,3,3,4,3,5,4,5,4,3,3,4,4,5,5
70.56.111.164,Mon Aug 20 17:00:05 2007,userinfo,www.thehappinesscenter.com,4,5,5,3,4,2,3,3,3,2,3,4,5,3,3,5,3,4,3,5,3,5,4,4,5
67.164.201.68,Mon Aug 20 21:11:22 2007,userinfo,www.thehappinesscenter.com,3,3,4,2,3,4,3,4,2,2,2,3,3,3,3,3,3,3,3,4,3,5,5,5,5
71.32.200.72,Wed Aug 22 10:39:38 2007,userinfo,www.thehappinesscenter.com,3,4,3,3,3,4,3,3,2,4,4,4,4,3,3,2,4,4,2,4,5,4,5,5,4
69.2.249.57,Wed Aug 22 14:42:33 2007,userinfo,www.thehappinesscenter.com,5,4,4,3,3,3,2,4,2,4,3,3,4,5,4,5,3,4,2,3,4,4,4,3,5
67.41.188.46,Wed Aug 22 14:59:59 2007,userinfo,www.thehappinesscenter.com,5,5,4,5,5,5,5,4,4,4,4,5,4,5,4,5,5,4,4,4,5,5,4,4,5
128.187.0.178,Fri Aug 24 10:43:34 2007,userinfo,www.thehappinesscenter.com,4,4,3,4,3,3,4,5,3,4,3,5,4,3,3,3,3,4,4,4,4,4,3,3,5
63.225.246.226,Mon Aug 27 01:26:11 2007,userinfo,www.thehappinesscenter.com,3,4,3,3,4,4,3,3,3,3,4,4,4,4,3,3,3,3,4,4,3,4,5,4,5
76.27.99.41,Mon Aug 27 13:57:09 2007,userinfo,www.thehappinesscenter.com,5,5,3,3,4,3,3,4,1,4,3,4,4,4,4,4,4,5,3,4,3,5,4,3,4
76.8.194.226,Tue Aug 28 11:39:58 2007,userinfo,www.thehappinesscenter.com,5,5,4,5,5,5,4,5,5,5,5,5,5,5,5,5,4,5,4,5,5,5,5,5,5
63.225.246.226,Tue Aug 28 13:15:28 2007,userinfo,www.thehappinesscenter.com,5,5,2,4,3,3,2,4,3,3,4,4,4,4,3,2,3,4,2,3,3,5,3,4,5
63.225.246.226,Tue Aug 28 13:29:10 2007,userinfo,www.thehappinesscenter.com,3,4,4,3,4,4,4,4,4,3,3,4,3,4,3,3,3,4,5,5,3,4,4,4,4
71.183.72.153,Tue Aug 28 15:59:22 2007,userinfo,www.thehappinesscenter.com,4,5,5,4,5,5,3,4,5,4,5,5,4,4,4,5,5,5,4,5,3,4,5,4,3
76.27.81.198,Tue Aug 28 18:28:52 2007,userinfo,www.thehappinesscenter.com,4,5,3,3,4,4,4,4,3,2,3,3,4,5,3,3,4,4,4,4,4,5,5,4,5
24.76.11.76,Thu Aug 30 16:44:32 2007,userinfo,www.thehappinesscenter.com,4,5,4,4,4,4,4,5,4,5,4,5,5,4,4,5,4,5,3,4,4,4,5,3,5
130.102.32.3,Thu Aug 30 22:46:43 2007,userinfo,www.thehappinesscenter.com,4,5,2,2,3,2,3,5,2,3,3,3,3,5,4,5,4,4,3,3,3,4,4,3,4
130.102.32.3,Thu Aug 30 23:08:46 2007,userinfo,www.thehappinesscenter.com,5,5,5,5,5,5,5,5,5,5,5,5,5,5,5,5,5,5,5,5,5,5,5,5,5
